subreddit,user_type,total_comments,controversial_comments,avg_score,controversy_rate
WhitePeopleTwitter,multi_subreddit,2174862,23073,15.798840110315044,0.010608948981590555
WhitePeopleTwitter,single_subreddit,880995,7872,15.52983955641065,0.008935351505967684
changemyview,multi_subreddit,906280,45697,2.9649677803769254,0.05042260669991614
changemyview,single_subreddit,653929,28766,2.396677620964967,0.04398948509700595
conspiracy,multi_subreddit,880591,70230,4.968516598511681,0.07975325661970199
conspiracy,single_subreddit,981340,70068,4.9557390914463895,0.07140033016080054
news,multi_subreddit,1867513,138376,23.556585148269384,0.07409640521913369
news,single_subreddit,294797,19162,24.64124126093549,0.06500066147213167
politics,multi_subreddit,5153109,183108,12.899503387178498,0.03553350026168668
politics,single_subreddit,1080024,42848,11.929962667496278,0.03967319244757524
worldnews,multi_subreddit,3423719,211541,14.155404108806827,0.06178690482484106
worldnews,single_subreddit,1283496,79765,13.391208854565967,0.06214666816258095
