user_type,num_users,avg_distinct_subreddits,avg_comments_per_user,avg_controversial_comments_per_user,avg_user_mean_score
multi_subreddit,427776,2.5545519150209457,33.67667657839617,1.5709740611909035,11.365407547512351
single_subreddit,923422,1.0,5.603701233022388,0.2690871562514213,9.476210383522812
