user_type,total_comments,controversial_comments,avg_score,avg_body_length_chars,avg_body_length_words,controversy_rate
multi_subreddit,14406074,672025,13.90743383658865,205.32196620675418,34.951180106391234,0.04664872608595513
single_subreddit,5174581,248481,11.10207879633153,220.76484530824814,37.48598698136139,0.04801954013281462
