controversiality,rank,token,group_share,group_count,lift
0,1,rehosted,2.6e-05,8649,1.0532
0,2,mchenry,4e-06,1291,1.0532
0,3,ftf,4e-06,1241,1.0532
0,4,sometexthere,4e-06,1187,1.0532
0,5,reapprove,3e-06,945,1.0532
0,6,x2588,2e-06,675,1.0532
0,7,notability,2.3e-05,7609,1.0531
0,8,3d10000,2e-05,6657,1.0529
0,9,abaya,4e-06,1312,1.0524
0,10,emmer,4e-06,1167,1.0523
0,11,modmail,1.6e-05,5124,1.0522
0,12,stickied,0.000168,55120,1.0519
0,13,resubmit,9e-06,3106,1.0518
0,14,submissions,6.1e-05,19988,1.0516
0,15,shortener,2e-06,648,1.0516
0,16,socratic,1.5e-05,5025,1.0515
0,17,shadowbans,4e-06,1169,1.0514
0,18,crossposting,4e-06,1156,1.0514
0,19,blogging,5e-06,1678,1.0513
0,20,adx,2e-06,535,1.0512
1,1,aipac,7.4e-05,1299,3.8605
1,2,misandry,2.9e-05,502,3.3494
1,3,icj,4.5e-05,778,3.0833
1,4,zionism,0.00014,2434,2.9391
1,5,zionists,0.000111,1942,2.9199
1,6,ceasefire,0.000369,6442,2.8786
1,7,oct,0.000233,4063,2.8032
1,8,ethnostate,3.7e-05,642,2.7993
1,9,zionist,0.000161,2813,2.7977
1,10,rafah,7.4e-05,1299,2.702
1,11,genocide,0.001278,22301,2.6987
1,12,7th,0.000279,4862,2.6857
1,13,combatant,4.4e-05,759,2.6509
1,14,antisemitic,0.000163,2844,2.6372
1,15,cleansing,0.000204,3567,2.6329
1,16,antisemitism,0.000193,3363,2.6201
1,17,protestors,0.000112,1954,2.6191
1,18,indiscriminately,7e-05,1227,2.6115
1,19,netanyahu,0.000384,6698,2.6049
1,20,bibi,0.000176,3073,2.5696
