subreddit,total_comments,avg_body_length_chars,median_body_length_chars,avg_body_length_words,median_body_length_words
politics,6233120,197.73337221166926,111,33.602129591601,20
worldnews,4707191,198.13355183590383,116,33.72061363135679,20
WhitePeopleTwitter,3055846,152.22346806743533,89,26.629122671757674,16
news,2162310,195.33991240848906,117,34.06782699982889,21
conspiracy,1861910,209.37361902562424,107,34.48891514627452,19
changemyview,1560207,421.5519530421284,244,70.53747355318878,42
