subreddit,total_comments,controversial_comments,controversy_rate
conspiracy,1955085,141315,0.07228074482695125
news,2959526,158980,0.053718061608514334
worldnews,5528840,294428,0.05325312362086803
changemyview,1574868,74651,0.04740143300898869
politics,6656781,226992,0.034099364242266644
WhitePeopleTwitter,3320206,31410,0.009460256381682342
